{
  "accuracy": 0.859,
  "precision_toxic": 0.40372670807453415,
  "recall_toxic": 0.5909090909090909,
  "f1_toxic": 0.4797047970479705,
  "classification_report": {
    "clean": {
      "precision": 0.9463647199046484,
      "recall": 0.8921348314606742,
      "f1-score": 0.91844997108155,
      "support": 890.0
    },
    "toxic": {
      "precision": 0.40372670807453415,
      "recall": 0.5909090909090909,
      "f1-score": 0.4797047970479705,
      "support": 110.0
    },
    "accuracy": 0.859,
    "macro avg": {
      "precision": 0.6750457139895913,
      "recall": 0.7415219611848826,
      "f1-score": 0.6990773840647603,
      "support": 1000.0
    },
    "weighted avg": {
      "precision": 0.8866745386033359,
      "recall": 0.859,
      "f1-score": 0.8701880019378563,
      "support": 1000.0
    }
  },
  "threshold": 0.5,
  "model_name": "Logistic Regression"
}