{
  "accuracy": 0.909,
  "precision_toxic": 0.6301369863013698,
  "recall_toxic": 0.41818181818181815,
  "f1_toxic": 0.5027322404371585,
  "classification_report": {
    "clean": {
      "precision": 0.9309600862998921,
      "recall": 0.9696629213483146,
      "f1-score": 0.9499174463401211,
      "support": 890.0
    },
    "toxic": {
      "precision": 0.6301369863013698,
      "recall": 0.41818181818181815,
      "f1-score": 0.5027322404371585,
      "support": 110.0
    },
    "accuracy": 0.909,
    "macro avg": {
      "precision": 0.780548536300631,
      "recall": 0.6939223697650664,
      "f1-score": 0.7263248433886398,
      "support": 1000.0
    },
    "weighted avg": {
      "precision": 0.8978695453000546,
      "recall": 0.909,
      "f1-score": 0.9007270736907951,
      "support": 1000.0
    }
  },
  "threshold": 0.5,
  "model_name": "PhoBERT"
}